[
  {
    "anonymous": false,
    "inputs": [
      {
        "indexed": true,
        "internalType": "address",
        "name": "sender",
        "type": "address"
      },
      {
        "indexed": false,
        "internalType": "string",
        "name": "message",
        "type": "string"
      },
      {
        "indexed": false,
        "internalType": "uint256",
        "name": "timestamp",
        "type": "uint256"
      }
    ],
    "name": "GMSent",
    "type": "event"
  },
  {
    "inputs": [
      {
        "internalType": "string",
        "name": "message",
        "type": "string"
      }
    ],
    "name": "sendGM",
    "outputs": [],
    "stateMutability": "nonpayable",
    "type": "function"
  }
]